gender,SeniorCitizen,Partner,Dependents,tenure,PhoneService,MultipleLines,InternetService,OnlineSecurity,OnlineBackup,DeviceProtection,TechSupport,StreamingTV,StreamingMovies,Contract,PaperlessBilling,PaymentMethod,MonthlyCharges,TotalCharges,Actual,Predicted,Probability,Result
Female,0,No,No,7,Yes,Yes,Fiber optic,No,Yes,No,No,No,No,Month-to-month,Yes,Bank transfer (automatic),78.55,522.95,0,1,0.6522076446727807,Incorrect
Female,0,No,No,2,Yes,No,No,No internet service,No internet service,No internet service,No internet service,No internet service,No internet service,Month-to-month,No,Mailed check,20.65,38.7,1,0,0.15505942998413474,Incorrect
Female,0,No,No,60,Yes,Yes,Fiber optic,No,Yes,Yes,No,Yes,Yes,Month-to-month,Yes,Electronic check,105.9,6396.45,1,0,0.4656679128311408,Incorrect
Male,1,Yes,No,4,Yes,No,Fiber optic,No,No,No,No,No,No,Month-to-month,Yes,Electronic check,70.2,280.35,0,1,0.644488768666343,Incorrect
Female,0,Yes,No,14,Yes,No,Fiber optic,No,No,No,No,No,Yes,Month-to-month,Yes,Electronic check,78.1,1122.4,0,1,0.6289509562090425,Incorrect
Female,0,Yes,Yes,30,No,No phone service,DSL,No,No,No,Yes,Yes,Yes,Month-to-month,No,Credit card (automatic),51.2,1561.5,1,0,0.13026295018970338,Incorrect
Female,0,Yes,Yes,48,Yes,Yes,Fiber optic,Yes,Yes,No,No,Yes,Yes,One year,Yes,Credit card (automatic),103.25,5037.55,1,0,0.17354795132706863,Incorrect
Female,1,Yes,No,38,Yes,Yes,Fiber optic,No,No,No,No,No,No,Month-to-month,Yes,Bank transfer (automatic),74.95,2869.85,1,0,0.3660062972037303,Incorrect
Male,1,Yes,No,62,Yes,Yes,Fiber optic,No,Yes,Yes,No,Yes,Yes,One year,Yes,Electronic check,103.75,6383.35,1,0,0.3197640609227446,Incorrect
Male,0,No,No,3,Yes,No,Fiber optic,No,Yes,Yes,No,No,Yes,Month-to-month,No,Electronic check,90.4,268.45,0,1,0.642909679117444,Incorrect
Male,0,No,No,1,Yes,No,No,No internet service,No internet service,No internet service,No internet service,No internet service,No internet service,Month-to-month,No,Mailed check,20.6,20.6,1,0,0.2710491168175675,Incorrect
Male,0,No,No,21,Yes,Yes,Fiber optic,No,No,No,No,No,No,Month-to-month,Yes,Electronic check,73.7,1558.7,0,1,0.5614390196184222,Incorrect
Female,1,Yes,Yes,34,Yes,Yes,Fiber optic,No,Yes,No,No,No,No,Month-to-month,Yes,Mailed check,79.6,2718.3,1,0,0.34541965578829636,Incorrect
Male,1,Yes,No,27,Yes,Yes,Fiber optic,No,No,No,No,No,No,Month-to-month,Yes,Electronic check,75.5,1893.95,1,0,0.4914696258815476,Incorrect
Female,1,No,No,26,Yes,No,Fiber optic,No,No,No,No,Yes,Yes,Month-to-month,Yes,Electronic check,91.25,2351.8,1,0,0.48071908719565015,Incorrect
Female,0,Yes,Yes,10,Yes,No,DSL,No,No,Yes,Yes,No,No,Month-to-month,No,Credit card (automatic),55.2,528.35,1,0,0.179645981809969,Incorrect
Female,0,No,No,1,Yes,No,Fiber optic,No,No,No,No,No,No,Month-to-month,Yes,Electronic check,70.25,70.25,0,1,0.7924321671347757,Incorrect
Female,0,No,No,34,Yes,Yes,DSL,Yes,Yes,No,Yes,No,No,One year,Yes,Mailed check,64.4,2088.75,1,0,0.04059771480233237,Incorrect
Male,0,Yes,No,20,Yes,No,Fiber optic,No,No,No,No,Yes,Yes,Month-to-month,Yes,Mailed check,89.0,1820.45,1,0,0.39184704445540974,Incorrect
Female,0,No,No,1,Yes,No,Fiber optic,No,No,No,No,No,No,Month-to-month,No,Mailed check,71.1,71.1,0,1,0.7278914232043727,Incorrect
Male,1,Yes,No,14,Yes,Yes,Fiber optic,No,No,No,No,No,No,Month-to-month,Yes,Electronic check,75.1,1013.35,0,1,0.6468168005130132,Incorrect
Female,1,No,No,32,Yes,No,Fiber optic,No,Yes,No,No,No,No,Month-to-month,Yes,Electronic check,74.4,2276.95,1,0,0.4327777404934627,Incorrect
Female,0,Yes,Yes,49,Yes,Yes,Fiber optic,No,Yes,No,No,Yes,Yes,One year,No,Mailed check,100.45,4941.8,1,0,0.16019326971903736,Incorrect
Female,0,No,No,4,Yes,Yes,Fiber optic,No,No,No,No,No,No,Month-to-month,Yes,Electronic check,75.65,302.35,0,1,0.7447170190372767,Incorrect
Male,0,Yes,Yes,18,Yes,No,DSL,No,No,Yes,No,No,Yes,Month-to-month,No,Electronic check,57.45,990.85,1,0,0.2736419127879527,Incorrect
Female,0,No,No,47,Yes,Yes,Fiber optic,No,Yes,Yes,No,Yes,Yes,Month-to-month,Yes,Electronic check,106.35,4849.1,0,1,0.567313961959376,Incorrect
Male,0,No,No,9,Yes,Yes,Fiber optic,No,Yes,No,No,Yes,Yes,Month-to-month,Yes,Credit card (automatic),99.3,918.75,0,1,0.7673113584340109,Incorrect
Male,0,Yes,No,4,Yes,No,DSL,No,No,No,Yes,No,No,Month-to-month,No,Mailed check,50.05,179.35,1,0,0.3059838482964466,Incorrect
Female,0,No,No,15,Yes,Yes,DSL,Yes,No,No,No,No,No,Month-to-month,Yes,Mailed check,55.7,899.8,1,0,0.17299975753502844,Incorrect
Female,0,Yes,Yes,14,Yes,No,Fiber optic,No,No,No,No,No,No,Month-to-month,No,Electronic check,70.2,1046.5,0,1,0.501907141878913,Incorrect
Female,1,No,No,37,Yes,Yes,Fiber optic,Yes,Yes,No,No,Yes,Yes,Month-to-month,Yes,Bank transfer (automatic),106.75,4056.75,1,0,0.39003263745685335,Incorrect
Male,1,Yes,No,25,Yes,Yes,Fiber optic,Yes,No,No,No,No,Yes,One year,Yes,Electronic check,89.05,2177.45,1,0,0.1743608221653299,Incorrect
Female,0,No,No,5,Yes,Yes,DSL,No,No,No,No,No,No,Month-to-month,Yes,Mailed check,50.6,249.95,1,0,0.48366046985348565,Incorrect
Female,0,No,No,1,Yes,No,DSL,No,No,No,No,No,Yes,Month-to-month,Yes,Electronic check,55.45,55.45,0,1,0.6760763973365972,Incorrect
Female,1,No,No,3,Yes,No,Fiber optic,No,No,Yes,No,No,No,Month-to-month,No,Electronic check,73.85,196.4,0,1,0.6630352260169283,Incorrect
Female,1,Yes,No,2,Yes,No,DSL,No,Yes,No,No,No,No,Month-to-month,No,Credit card (automatic),50.15,115.1,1,0,0.4982049881935041,Incorrect
Female,0,Yes,Yes,31,Yes,Yes,Fiber optic,No,Yes,No,No,No,Yes,Month-to-month,Yes,Electronic check,91.15,2995.45,1,0,0.45016631176516947,Incorrect
Female,1,No,No,20,Yes,Yes,Fiber optic,No,No,No,No,No,Yes,Month-to-month,Yes,Credit card (automatic),85.8,1727.5,1,0,0.48173363911616857,Incorrect
Male,1,No,No,3,Yes,Yes,Fiber optic,No,No,No,No,Yes,Yes,Month-to-month,Yes,Electronic check,94.85,335.75,0,1,0.8334711789352489,Incorrect
Male,1,No,No,17,Yes,No,DSL,No,No,No,No,No,No,Month-to-month,Yes,Electronic check,45.05,770.6,1,0,0.35402973948666094,Incorrect
Female,1,No,No,41,Yes,Yes,Fiber optic,Yes,Yes,Yes,No,Yes,Yes,Month-to-month,Yes,Electronic check,113.2,4689.5,1,0,0.4517149369985506,Incorrect
Female,0,Yes,No,2,Yes,No,Fiber optic,Yes,No,No,No,No,No,Month-to-month,Yes,Electronic check,74.4,139.4,1,0,0.4872876328432872,Incorrect
Male,0,Yes,Yes,69,Yes,Yes,Fiber optic,No,No,Yes,No,Yes,Yes,Month-to-month,Yes,Credit card (automatic),99.45,7007.6,1,0,0.36736626982327597,Incorrect
Male,0,No,No,1,Yes,No,No,No internet service,No internet service,No internet service,No internet service,No internet service,No internet service,Month-to-month,No,Mailed check,19.4,19.4,1,0,0.26363168764806294,Incorrect
Male,0,No,No,3,Yes,No,Fiber optic,Yes,No,No,No,No,Yes,Month-to-month,Yes,Mailed check,86.05,244.85,0,1,0.5235083201234418,Incorrect
Female,1,No,No,8,Yes,No,No,No internet service,No internet service,No internet service,No internet service,No internet service,No internet service,Month-to-month,No,Electronic check,19.65,164.3,1,0,0.18110375183939928,Incorrect
Female,0,Yes,No,32,Yes,No,Fiber optic,No,Yes,No,No,No,Yes,Month-to-month,No,Bank transfer (automatic),84.15,2585.95,1,0,0.25484533433629314,Incorrect
Female,1,No,No,7,Yes,No,Fiber optic,Yes,No,No,No,No,No,Month-to-month,No,Bank transfer (automatic),76.45,503.6,1,0,0.4216578019133403,Incorrect
Female,0,Yes,Yes,28,Yes,No,Fiber optic,No,No,No,No,Yes,Yes,One year,Yes,Bank transfer (automatic),90.1,2598.95,1,0,0.11845424411666523,Incorrect
Male,0,No,No,32,Yes,Yes,Fiber optic,No,Yes,No,No,No,No,Month-to-month,Yes,Bank transfer (automatic),80.35,2596.15,1,0,0.3209164274611551,Incorrect
Female,0,No,No,7,Yes,No,Fiber optic,No,No,Yes,No,No,No,Month-to-month,Yes,Electronic check,75.15,525.0,0,1,0.6212278976466784,Incorrect
Male,1,No,No,46,Yes,No,Fiber optic,Yes,No,No,No,No,Yes,Month-to-month,No,Electronic check,85.0,3969.4,1,0,0.3118141038979714,Incorrect
Female,0,No,No,7,Yes,No,DSL,No,No,No,Yes,Yes,No,Month-to-month,Yes,Mailed check,59.5,415.95,1,0,0.2574906445070805,Incorrect
Male,0,Yes,No,55,No,No phone service,DSL,No,No,Yes,Yes,Yes,Yes,Month-to-month,Yes,Bank transfer (automatic),54.55,2978.3,1,0,0.1542224206141378,Incorrect
Female,0,No,No,22,Yes,No,Fiber optic,No,No,No,No,Yes,Yes,Month-to-month,No,Electronic check,89.25,1907.85,1,0,0.44744124361118964,Incorrect
Female,1,Yes,No,65,Yes,Yes,Fiber optic,No,Yes,Yes,No,Yes,Yes,One year,Yes,Electronic check,106.25,6979.8,1,0,0.3019813502088028,Incorrect
Female,1,Yes,No,17,Yes,Yes,Fiber optic,Yes,No,Yes,No,No,No,Month-to-month,Yes,Bank transfer (automatic),85.35,1463.45,1,0,0.37670804187307844,Incorrect
Female,0,Yes,Yes,67,Yes,Yes,Fiber optic,Yes,No,Yes,Yes,Yes,Yes,Two year,Yes,Credit card (automatic),108.75,7156.2,1,0,0.09477148616073422,Incorrect
Male,0,No,No,32,Yes,Yes,Fiber optic,Yes,Yes,No,Yes,Yes,Yes,Month-to-month,Yes,Credit card (automatic),108.15,3432.9,1,0,0.27849011211709923,Incorrect
Female,0,Yes,No,54,Yes,Yes,DSL,No,No,No,No,Yes,Yes,One year,Yes,Credit card (automatic),70.15,3715.65,1,0,0.11005068995298965,Incorrect
Male,0,No,No,11,No,No phone service,DSL,No,No,Yes,No,Yes,No,One year,Yes,Electronic check,41.6,470.6,1,0,0.23473770679883585,Incorrect
Male,0,No,No,17,Yes,No,Fiber optic,No,No,Yes,No,No,No,Month-to-month,Yes,Electronic check,76.65,1313.55,1,0,0.464302024062827,Incorrect
Female,0,Yes,Yes,41,Yes,No,DSL,No,Yes,No,Yes,No,Yes,One year,Yes,Bank transfer (automatic),66.5,2728.6,1,0,0.06867026233077611,Incorrect
Female,1,No,No,3,Yes,No,Fiber optic,No,No,Yes,No,No,No,Month-to-month,No,Mailed check,75.05,202.9,0,1,0.6309501486181177,Incorrect
Female,0,Yes,No,8,Yes,Yes,Fiber optic,No,No,No,Yes,No,Yes,Month-to-month,Yes,Electronic check,90.25,743.75,0,1,0.66302163587192,Incorrect
Female,0,No,No,5,Yes,Yes,Fiber optic,No,No,No,No,No,No,Month-to-month,No,Electronic check,75.6,402.5,0,1,0.6602840539827197,Incorrect
Male,0,Yes,Yes,7,No,No phone service,DSL,Yes,No,No,Yes,No,No,Month-to-month,Yes,Electronic check,34.5,279.25,1,0,0.22177966643435162,Incorrect
Female,0,No,No,57,Yes,Yes,Fiber optic,Yes,Yes,Yes,No,Yes,Yes,Two year,Yes,Bank transfer (automatic),112.95,6465.0,1,0,0.14471718268580183,Incorrect
Female,1,No,No,8,Yes,Yes,Fiber optic,No,No,No,No,No,Yes,Month-to-month,No,Electronic check,85.2,695.75,0,1,0.6949663507736846,Incorrect
Female,1,Yes,Yes,11,Yes,Yes,Fiber optic,No,No,Yes,No,No,No,Month-to-month,Yes,Credit card (automatic),78.1,864.85,0,1,0.5785628456091699,Incorrect
Male,0,No,No,3,Yes,No,Fiber optic,No,No,No,No,No,No,Month-to-month,Yes,Mailed check,70.3,220.4,0,1,0.592890643736996,Incorrect
Female,0,No,No,6,Yes,Yes,Fiber optic,No,No,No,No,No,No,Month-to-month,Yes,Mailed check,73.85,401.3,0,1,0.6487055536873312,Incorrect
Male,0,No,No,3,Yes,No,Fiber optic,No,No,Yes,Yes,Yes,No,Month-to-month,Yes,Mailed check,89.85,244.45,0,1,0.6414023555947216,Incorrect
Male,0,No,No,1,Yes,No,No,No internet service,No internet service,No internet service,No internet service,No internet service,No internet service,Month-to-month,Yes,Bank transfer (automatic),20.2,20.2,1,0,0.4003283083030114,Incorrect
Female,0,Yes,Yes,6,Yes,No,DSL,Yes,Yes,No,No,No,No,Month-to-month,No,Credit card (automatic),55.9,365.35,1,0,0.14423587208124752,Incorrect
Female,0,Yes,No,13,No,No phone service,DSL,No,No,Yes,No,Yes,Yes,Month-to-month,Yes,Bank transfer (automatic),48.75,633.4,1,0,0.34650019074114835,Incorrect
Male,1,No,No,21,Yes,Yes,Fiber optic,No,Yes,Yes,No,Yes,Yes,Month-to-month,Yes,Electronic check,104.35,2271.85,0,1,0.6607940268555487,Incorrect
Female,0,Yes,Yes,61,Yes,Yes,Fiber optic,No,Yes,No,No,Yes,Yes,Month-to-month,Yes,Electronic check,99.15,6010.05,1,0,0.4032091187667586,Incorrect
Male,0,Yes,Yes,13,Yes,Yes,Fiber optic,No,No,No,No,No,No,Month-to-month,Yes,Credit card (automatic),74.4,896.75,1,0,0.48754610526162534,Incorrect
Male,0,No,Yes,1,No,No phone service,DSL,No,No,No,No,No,No,Month-to-month,No,Mailed check,24.2,24.2,0,1,0.6542866195497192,Incorrect
Female,0,No,No,3,Yes,No,No,No internet service,No internet service,No internet service,No internet service,No internet service,No internet service,Month-to-month,Yes,Mailed check,19.6,59.75,1,0,0.18256209211814972,Incorrect
Male,0,No,No,3,Yes,No,Fiber optic,No,No,Yes,No,No,Yes,Month-to-month,No,Credit card (automatic),85.7,256.75,0,1,0.6960340748313797,Incorrect
Female,1,No,No,9,Yes,Yes,Fiber optic,No,No,Yes,No,Yes,No,Month-to-month,Yes,Electronic check,90.1,816.8,0,1,0.7683825200077313,Incorrect
Female,0,No,No,23,Yes,Yes,Fiber optic,No,No,No,No,Yes,Yes,Month-to-month,Yes,Electronic check,93.5,2341.55,0,1,0.5953141777286898,Incorrect
Female,0,Yes,No,6,Yes,Yes,Fiber optic,No,Yes,No,No,No,Yes,Month-to-month,Yes,Electronic check,90.75,512.25,0,1,0.7562447674973389,Incorrect
Male,0,Yes,No,4,Yes,No,Fiber optic,No,No,No,No,No,No,Month-to-month,No,Electronic check,70.5,294.2,0,1,0.587457811375718,Incorrect
Male,0,No,No,7,Yes,Yes,Fiber optic,No,No,No,No,Yes,Yes,Month-to-month,No,Electronic check,96.2,639.7,0,1,0.7586224318533656,Incorrect
Female,0,Yes,Yes,25,Yes,No,Fiber optic,No,Yes,Yes,No,Yes,No,Month-to-month,Yes,Bank transfer (automatic),89.15,2257.75,1,0,0.3439478861555986,Incorrect
Female,0,Yes,No,3,Yes,Yes,Fiber optic,No,No,No,No,Yes,Yes,Month-to-month,No,Electronic check,94.9,273.2,0,1,0.7873860457398885,Incorrect
Female,0,No,No,50,Yes,Yes,Fiber optic,No,No,No,No,Yes,Yes,Month-to-month,Yes,Electronic check,95.7,4729.75,0,1,0.5561170528990641,Incorrect
Female,0,Yes,Yes,28,Yes,No,Fiber optic,No,No,No,No,No,Yes,Month-to-month,Yes,Electronic check,81.05,2227.1,1,0,0.39255112211438203,Incorrect
Male,1,Yes,No,46,No,No phone service,DSL,No,Yes,Yes,Yes,Yes,Yes,One year,Yes,Bank transfer (automatic),59.9,2816.65,1,0,0.11008951330607279,Incorrect
Male,0,No,No,1,Yes,No,No,No internet service,No internet service,No internet service,No internet service,No internet service,No internet service,Month-to-month,Yes,Mailed check,19.3,19.3,1,0,0.29298607176158536,Incorrect
Female,0,No,No,2,Yes,No,Fiber optic,No,No,No,No,No,No,Month-to-month,No,Electronic check,70.35,139.25,0,1,0.590048565042385,Incorrect
Male,0,Yes,Yes,2,Yes,No,Fiber optic,No,No,No,No,No,No,Month-to-month,No,Mailed check,69.95,143.9,0,1,0.5546142936865067,Incorrect
Female,0,Yes,No,47,Yes,Yes,Fiber optic,Yes,Yes,Yes,No,Yes,No,Month-to-month,Yes,Electronic check,98.75,4533.7,1,0,0.3962960955063854,Incorrect
Male,1,Yes,No,57,Yes,Yes,Fiber optic,No,Yes,Yes,No,No,Yes,Month-to-month,Yes,Bank transfer (automatic),95.25,5427.05,1,0,0.3434164737131819,Incorrect
Male,0,No,No,1,Yes,No,Fiber optic,No,No,No,No,No,No,Month-to-month,Yes,Electronic check,70.35,70.35,0,1,0.7900122267859662,Incorrect
Male,0,Yes,No,31,Yes,Yes,Fiber optic,No,Yes,Yes,No,Yes,No,Month-to-month,No,Electronic check,93.8,3019.5,1,0,0.43628359768980857,Incorrect
Male,0,No,No,62,Yes,Yes,Fiber optic,Yes,Yes,No,Yes,No,Yes,One year,No,Electronic check,102.0,6529.25,1,0,0.12974168465546707,Incorrect
Female,0,No,No,4,Yes,No,Fiber optic,No,Yes,Yes,Yes,Yes,Yes,One year,Yes,Electronic check,105.65,443.9,1,0,0.4241931876261815,Incorrect
Female,1,No,No,4,Yes,Yes,DSL,No,No,No,No,No,No,Month-to-month,No,Mailed check,48.75,179.85,0,1,0.5255606911424427,Incorrect
Female,1,No,No,42,Yes,Yes,Fiber optic,No,Yes,Yes,No,Yes,Yes,Month-to-month,Yes,Bank transfer (automatic),104.75,4323.45,1,0,0.49630407047202774,Incorrect
Female,1,Yes,No,27,Yes,No,Fiber optic,Yes,No,Yes,No,Yes,Yes,Month-to-month,Yes,Electronic check,101.25,2754.45,1,0,0.45333489841557056,Incorrect
Male,0,No,No,23,Yes,Yes,Fiber optic,No,No,No,Yes,Yes,No,Month-to-month,Yes,Electronic check,90.6,1943.2,1,0,0.4397711338955042,Incorrect
Male,0,No,No,39,No,No phone service,DSL,Yes,Yes,No,Yes,Yes,No,Month-to-month,Yes,Credit card (automatic),48.95,1880.85,1,0,0.10330374771631158,Incorrect
Female,1,Yes,No,33,Yes,Yes,Fiber optic,No,Yes,No,No,No,No,Month-to-month,Yes,Bank transfer (automatic),80.6,2656.5,1,0,0.3572430134362996,Incorrect
Male,1,Yes,No,44,Yes,Yes,Fiber optic,No,Yes,No,No,No,Yes,One year,No,Mailed check,88.4,3912.9,1,0,0.11847915462030362,Incorrect
Male,1,Yes,No,24,No,No phone service,DSL,Yes,No,No,No,No,Yes,Month-to-month,No,Bank transfer (automatic),39.1,971.3,1,0,0.23126306969245078,Incorrect
Female,0,No,No,4,Yes,No,No,No internet service,No internet service,No internet service,No internet service,No internet service,No internet service,Month-to-month,No,Bank transfer (automatic),20.95,85.5,1,0,0.15154340897749113,Incorrect
Female,0,Yes,No,54,Yes,Yes,Fiber optic,Yes,Yes,No,No,Yes,Yes,One year,No,Bank transfer (automatic),106.55,5763.3,1,0,0.19497906036970508,Incorrect
Male,0,Yes,No,32,Yes,Yes,Fiber optic,No,No,Yes,No,No,No,Month-to-month,Yes,Electronic check,78.9,2447.95,1,0,0.49082760804486275,Incorrect
Male,0,No,No,1,Yes,No,No,No internet service,No internet service,No internet service,No internet service,No internet service,No internet service,Month-to-month,Yes,Mailed check,18.85,18.85,1,0,0.2584274479686105,Incorrect
Female,1,No,No,2,Yes,No,Fiber optic,No,No,No,No,Yes,No,Month-to-month,No,Mailed check,81.5,162.55,0,1,0.7321924897823665,Incorrect
Female,1,No,No,2,Yes,Yes,DSL,No,Yes,No,No,No,No,Month-to-month,Yes,Credit card (automatic),56.55,118.25,0,1,0.605138329539704,Incorrect
Male,0,No,No,9,Yes,No,No,No internet service,No internet service,No internet service,No internet service,No internet service,No internet service,Month-to-month,Yes,Mailed check,18.95,185.6,1,0,0.12082386317007099,Incorrect
Female,0,No,No,39,Yes,No,Fiber optic,No,No,Yes,Yes,No,No,Two year,Yes,Electronic check,80.45,3201.55,1,0,0.07403095972008525,Incorrect
Female,0,No,No,9,Yes,No,Fiber optic,No,No,No,No,Yes,Yes,Month-to-month,Yes,Mailed check,88.4,788.6,0,1,0.6402760474754399,Incorrect
Male,0,No,No,1,Yes,No,No,No internet service,No internet service,No internet service,No internet service,No internet service,No internet service,Month-to-month,Yes,Mailed check,20.1,20.1,1,0,0.42588747220885004,Incorrect
Female,0,No,No,1,Yes,No,No,No internet service,No internet service,No internet service,No internet service,No internet service,No internet service,Month-to-month,No,Mailed check,20.4,20.4,1,0,0.2665022561319038,Incorrect
Male,0,Yes,No,17,Yes,Yes,Fiber optic,No,Yes,Yes,No,Yes,Yes,Month-to-month,Yes,Electronic check,102.55,1742.5,0,1,0.6512733638841152,Incorrect
Female,0,No,No,35,Yes,Yes,DSL,Yes,No,Yes,Yes,Yes,Yes,One year,Yes,Credit card (automatic),85.95,3110.1,1,0,0.06825437594497145,Incorrect
Male,0,No,Yes,13,Yes,No,Fiber optic,No,No,No,No,Yes,No,Month-to-month,Yes,Credit card (automatic),78.3,1033.95,0,1,0.5203678630562675,Incorrect
Male,0,Yes,No,17,Yes,No,Fiber optic,No,No,No,No,No,No,Month-to-month,Yes,Bank transfer (automatic),70.4,1214.05,1,0,0.30531911219513685,Incorrect
Male,0,No,Yes,40,Yes,No,DSL,Yes,Yes,No,No,No,No,Month-to-month,Yes,Mailed check,55.25,2139.2,1,0,0.11428421457535104,Incorrect
Male,0,Yes,No,3,No,No phone service,DSL,No,No,No,No,No,No,Month-to-month,No,Mailed check,25.0,78.25,0,1,0.5349902525840672,Incorrect
Female,0,No,No,15,Yes,No,Fiber optic,No,No,Yes,No,Yes,Yes,Month-to-month,Yes,Credit card (automatic),94.0,1505.45,0,1,0.5373158243327993,Incorrect
Male,0,No,No,1,Yes,No,No,No internet service,No internet service,No internet service,No internet service,No internet service,No internet service,Month-to-month,No,Mailed check,19.75,19.75,1,0,0.3390835063217561,Incorrect
Female,0,Yes,No,5,Yes,No,Fiber optic,No,No,No,No,No,No,Month-to-month,Yes,Electronic check,68.95,351.5,0,1,0.6348186340985577,Incorrect
Female,0,No,No,1,Yes,No,DSL,No,No,No,No,No,No,Month-to-month,No,Mailed check,45.35,45.35,0,1,0.5383373868443081,Incorrect
Male,1,No,No,22,Yes,Yes,Fiber optic,No,No,No,Yes,Yes,No,Month-to-month,Yes,Bank transfer (automatic),90.5,1910.6,1,0,0.36416556432044483,Incorrect
Female,0,Yes,Yes,35,Yes,Yes,DSL,Yes,No,Yes,Yes,Yes,No,Month-to-month,No,Electronic check,72.25,2568.55,1,0,0.1335254142372411,Incorrect
Male,0,No,No,6,No,No phone service,DSL,No,Yes,No,No,No,No,Month-to-month,Yes,Credit card (automatic),30.5,208.7,1,0,0.38290550380062527,Incorrect
Male,1,No,No,27,Yes,Yes,Fiber optic,No,Yes,No,No,No,No,Month-to-month,Yes,Electronic check,81.45,2122.05,1,0,0.47397351125521386,Incorrect
Male,0,No,No,2,Yes,No,Fiber optic,No,No,No,No,Yes,No,Month-to-month,Yes,Electronic check,79.95,174.45,0,1,0.7266381993636662,Incorrect
Male,1,Yes,No,16,Yes,Yes,Fiber optic,No,No,No,No,Yes,No,Month-to-month,Yes,Credit card (automatic),85.05,1391.15,0,1,0.56307298044139,Incorrect
Male,1,Yes,Yes,66,Yes,Yes,Fiber optic,No,No,Yes,No,Yes,Yes,Month-to-month,Yes,Credit card (automatic),99.5,6822.15,1,0,0.3614582141747764,Incorrect
Female,0,No,No,1,Yes,No,DSL,Yes,Yes,No,No,No,No,Month-to-month,Yes,Electronic check,54.9,54.9,1,0,0.4716655560933785,Incorrect
Male,0,No,No,1,Yes,No,DSL,No,Yes,No,No,No,No,Month-to-month,Yes,Mailed check,50.15,50.15,0,1,0.5377495167974435,Incorrect
Male,0,Yes,No,61,Yes,Yes,Fiber optic,No,Yes,No,Yes,Yes,No,Two year,Yes,Electronic check,94.1,5638.3,1,0,0.10883928199438508,Incorrect
Female,0,Yes,Yes,37,Yes,Yes,Fiber optic,No,No,No,No,Yes,Yes,Month-to-month,Yes,Electronic check,95.25,3314.15,0,1,0.5220220038263872,Incorrect
Male,0,No,No,1,No,No phone service,DSL,No,No,No,No,No,No,Month-to-month,No,Mailed check,24.4,24.4,0,1,0.5489370059238352,Incorrect
Male,0,No,No,9,Yes,Yes,Fiber optic,No,No,No,No,No,No,Month-to-month,Yes,Electronic check,76.25,684.85,0,1,0.689683844486333,Incorrect
Female,1,Yes,No,17,Yes,Yes,Fiber optic,No,No,No,No,Yes,Yes,Month-to-month,Yes,Electronic check,92.55,1614.7,0,1,0.6341031889447074,Incorrect
Female,1,Yes,No,50,Yes,No,Fiber optic,No,No,No,No,No,No,Month-to-month,Yes,Electronic check,71.05,3444.85,1,0,0.3814305089017944,Incorrect
Male,0,Yes,Yes,65,Yes,No,DSL,Yes,No,No,Yes,Yes,Yes,Two year,Yes,Bank transfer (automatic),74.8,4820.15,1,0,0.028138334981390546,Incorrect
Male,0,No,No,68,Yes,Yes,Fiber optic,No,Yes,Yes,Yes,Yes,Yes,One year,No,Electronic check,108.45,7176.55,1,0,0.21962000528219505,Incorrect
Female,0,No,No,6,Yes,No,Fiber optic,No,No,No,No,No,No,Month-to-month,Yes,Mailed check,69.25,418.4,1,0,0.49928301682750464,Incorrect
Male,0,Yes,Yes,17,Yes,No,Fiber optic,No,No,No,No,Yes,No,Month-to-month,No,Electronic check,80.85,1400.85,1,0,0.4095701200737949,Incorrect
Female,1,Yes,No,61,Yes,Yes,Fiber optic,No,Yes,Yes,No,Yes,Yes,One year,Yes,Credit card (automatic),104.4,6405.0,1,0,0.2449955650939549,Incorrect
Male,1,Yes,No,7,Yes,No,Fiber optic,No,No,No,No,Yes,Yes,Month-to-month,Yes,Electronic check,89.0,605.45,0,1,0.73403437671873,Incorrect
Male,0,No,No,10,Yes,No,Fiber optic,Yes,Yes,Yes,Yes,Yes,Yes,Month-to-month,Yes,Electronic check,110.1,1043.3,1,0,0.48939891828428467,Incorrect
Female,0,No,No,21,Yes,Yes,Fiber optic,No,Yes,No,No,Yes,Yes,Month-to-month,Yes,Credit card (automatic),99.85,1992.55,0,1,0.5646161215079185,Incorrect
Male,0,Yes,Yes,61,Yes,Yes,Fiber optic,Yes,Yes,No,No,Yes,Yes,One year,Yes,Electronic check,106.0,6547.7,1,0,0.17716841036549344,Incorrect
Male,0,No,Yes,1,Yes,No,DSL,No,No,No,Yes,No,No,Month-to-month,Yes,Mailed check,49.9,49.9,1,0,0.38665992169573843,Incorrect
Male,0,No,No,1,Yes,No,Fiber optic,No,No,No,No,No,No,Month-to-month,Yes,Electronic check,69.9,69.9,0,1,0.8293520081439805,Incorrect
Male,0,No,No,45,Yes,No,No,No internet service,No internet service,No internet service,No internet service,No internet service,No internet service,One year,Yes,Electronic check,20.4,930.45,1,0,0.05055844239935437,Incorrect
Male,0,No,No,6,Yes,No,Fiber optic,No,No,No,No,No,No,Month-to-month,Yes,Electronic check,69.1,435.0,0,1,0.6097991346345855,Incorrect
Female,0,Yes,Yes,3,Yes,No,Fiber optic,No,No,No,No,Yes,No,Month-to-month,Yes,Electronic check,80.7,239.45,0,1,0.7036266938175589,Incorrect
Male,0,Yes,Yes,9,No,No phone service,DSL,No,Yes,No,No,No,No,Month-to-month,Yes,Electronic check,29.95,248.95,1,0,0.357085498166926,Incorrect
Male,0,Yes,No,59,Yes,Yes,Fiber optic,No,No,No,No,No,Yes,One year,No,Electronic check,85.55,5084.65,1,0,0.153621654938123,Incorrect
Male,0,No,No,1,Yes,No,No,No internet service,No internet service,No internet service,No internet service,No internet service,No internet service,Month-to-month,No,Electronic check,20.55,20.55,1,0,0.31050112716023187,Incorrect
Male,0,No,No,2,Yes,No,Fiber optic,No,No,No,No,No,No,Month-to-month,Yes,Electronic check,69.8,146.65,0,1,0.6429395624622535,Incorrect
Male,1,No,No,36,Yes,Yes,Fiber optic,Yes,No,No,No,Yes,No,Month-to-month,Yes,Electronic check,90.85,3186.7,1,0,0.4108670748111842,Incorrect
Female,1,Yes,No,50,Yes,Yes,Fiber optic,No,Yes,Yes,No,Yes,No,Month-to-month,Yes,Electronic check,95.05,4888.7,1,0,0.49476152448034366,Incorrect
Female,0,No,No,63,Yes,Yes,Fiber optic,No,Yes,No,No,Yes,Yes,One year,No,Bank transfer (automatic),99.9,6137.0,1,0,0.1544796386276117,Incorrect
Male,0,No,No,16,Yes,Yes,Fiber optic,No,No,No,Yes,No,Yes,Month-to-month,Yes,Credit card (automatic),89.05,1448.6,1,0,0.43077638223662573,Incorrect
Female,0,No,Yes,15,Yes,No,Fiber optic,No,No,No,No,No,No,Month-to-month,No,Bank transfer (automatic),69.0,994.8,1,0,0.35254387645498014,Incorrect
Male,0,No,No,1,Yes,Yes,DSL,No,No,Yes,Yes,No,No,Month-to-month,No,Mailed check,62.05,62.05,1,0,0.4486530576653876,Incorrect
Male,0,Yes,Yes,67,Yes,Yes,Fiber optic,Yes,Yes,Yes,No,Yes,Yes,One year,Yes,Electronic check,111.3,7482.1,1,0,0.16386345295848853,Incorrect
Female,0,Yes,No,48,No,No phone service,DSL,Yes,No,Yes,No,No,Yes,Month-to-month,Yes,Bank transfer (automatic),45.3,2145.0,1,0,0.1612330847108497,Incorrect
Female,0,No,No,34,Yes,Yes,Fiber optic,Yes,Yes,Yes,No,Yes,Yes,Month-to-month,Yes,Mailed check,109.8,3587.25,1,0,0.33408809134142314,Incorrect
Male,0,Yes,No,60,Yes,No,Fiber optic,No,Yes,No,No,Yes,Yes,One year,Yes,Electronic check,94.4,5610.25,1,0,0.2117340872934033,Incorrect
Male,0,Yes,No,18,Yes,No,DSL,No,No,Yes,No,No,No,Month-to-month,Yes,Mailed check,49.55,878.35,1,0,0.19657677275015167,Incorrect
Male,0,Yes,No,55,Yes,Yes,Fiber optic,Yes,Yes,No,No,Yes,No,Month-to-month,Yes,Electronic check,96.75,5238.9,1,0,0.32400805284673495,Incorrect
Male,0,No,No,2,Yes,No,No,No internet service,No internet service,No internet service,No internet service,No internet service,No internet service,One year,No,Credit card (automatic),19.3,28.3,1,0,0.04915333016531886,Incorrect
Male,0,Yes,Yes,18,Yes,No,Fiber optic,No,No,Yes,No,Yes,Yes,Month-to-month,No,Mailed check,95.15,1779.95,1,0,0.3875578509785077,Incorrect
Male,0,No,No,19,No,No phone service,DSL,No,No,Yes,No,Yes,No,Month-to-month,Yes,Electronic check,39.65,733.35,1,0,0.4523508855994314,Incorrect
Male,1,No,No,11,Yes,No,Fiber optic,No,No,No,No,No,Yes,Month-to-month,Yes,Electronic check,78.5,874.2,0,1,0.6214662640038212,Incorrect
Female,1,No,No,18,Yes,No,Fiber optic,No,No,Yes,No,No,Yes,Month-to-month,Yes,Electronic check,84.95,1443.65,0,1,0.5237377522526238,Incorrect
Female,0,Yes,Yes,1,Yes,No,No,No internet service,No internet service,No internet service,No internet service,No internet service,No internet service,Month-to-month,Yes,Electronic check,21.0,21.0,1,0,0.33673351748452296,Incorrect
Female,0,No,No,18,Yes,Yes,Fiber optic,No,No,No,No,No,No,Month-to-month,Yes,Electronic check,74.15,1345.75,0,1,0.5530103432885595,Incorrect
Male,1,No,No,4,Yes,No,Fiber optic,No,No,No,No,No,No,Month-to-month,No,Electronic check,69.35,261.65,0,1,0.610355356996112,Incorrect
Female,0,No,No,2,Yes,Yes,Fiber optic,No,No,No,No,No,No,Month-to-month,Yes,Mailed check,74.9,136.05,0,1,0.6831557271093601,Incorrect
Male,0,No,Yes,4,Yes,No,DSL,Yes,No,No,No,No,No,Month-to-month,No,Electronic check,49.35,219.65,1,0,0.269877361002636,Incorrect
Female,0,Yes,Yes,3,No,No phone service,DSL,No,No,No,Yes,No,No,Month-to-month,Yes,Mailed check,31.0,95.05,1,0,0.38089406390432784,Incorrect
Male,1,Yes,No,34,Yes,Yes,Fiber optic,No,No,No,No,No,No,Month-to-month,Yes,Electronic check,75.55,2425.4,0,1,0.5109793783220011,Incorrect
Female,1,Yes,No,35,Yes,Yes,Fiber optic,Yes,Yes,No,Yes,Yes,No,Month-to-month,Yes,Bank transfer (automatic),100.5,3653.35,1,0,0.2718178502960772,Incorrect
Male,0,No,No,12,Yes,No,DSL,No,No,No,Yes,No,No,Month-to-month,No,Bank transfer (automatic),50.25,593.75,1,0,0.17356118126734857,Incorrect
Male,0,No,No,11,Yes,No,Fiber optic,No,No,Yes,No,No,Yes,Month-to-month,No,Electronic check,84.8,888.75,0,1,0.5618106012314056,Incorrect
Female,0,No,No,31,Yes,Yes,DSL,Yes,No,Yes,Yes,No,No,Month-to-month,No,Credit card (automatic),65.25,1994.3,1,0,0.09029155671924902,Incorrect
Female,1,Yes,No,40,Yes,No,Fiber optic,No,Yes,No,Yes,Yes,Yes,One year,Yes,Credit card (automatic),99.2,4062.2,1,0,0.1825029602945648,Incorrect
Male,1,No,No,33,Yes,Yes,Fiber optic,No,Yes,Yes,No,No,No,Month-to-month,Yes,Credit card (automatic),83.85,2716.3,1,0,0.3767787549462359,Incorrect
Female,1,No,No,21,Yes,Yes,Fiber optic,No,No,No,No,Yes,Yes,Month-to-month,Yes,Bank transfer (automatic),95.4,2025.1,0,1,0.5681638028129985,Incorrect
Male,1,Yes,No,57,Yes,Yes,Fiber optic,No,No,Yes,No,Yes,Yes,Month-to-month,No,Electronic check,100.6,5746.15,1,0,0.41817029448554244,Incorrect
Female,0,No,No,4,Yes,Yes,Fiber optic,No,Yes,No,No,No,No,Month-to-month,Yes,Mailed check,80.3,324.2,0,1,0.741258583668859,Incorrect
Female,0,No,No,1,Yes,No,DSL,No,No,No,No,No,No,Month-to-month,No,Mailed check,45.15,45.15,0,1,0.5383373868443081,Incorrect
Male,0,Yes,Yes,19,Yes,Yes,Fiber optic,No,No,No,Yes,Yes,Yes,One year,Yes,Electronic check,100.95,1875.55,1,0,0.35894565135736994,Incorrect
Female,0,Yes,Yes,6,Yes,Yes,Fiber optic,No,Yes,Yes,No,Yes,No,Month-to-month,Yes,Mailed check,94.05,518.75,0,1,0.7284753091071432,Incorrect
Female,0,No,No,1,No,No phone service,DSL,No,No,No,No,No,No,Month-to-month,No,Mailed check,24.4,24.4,0,1,0.5489370059238352,Incorrect
Male,1,Yes,No,4,No,No phone service,DSL,No,No,Yes,No,No,No,Month-to-month,Yes,Electronic check,29.9,118.25,0,1,0.6377710354308164,Incorrect
Male,0,No,No,1,Yes,No,No,No internet service,No internet service,No internet service,No internet service,No internet service,No internet service,Month-to-month,No,Mailed check,20.25,20.25,1,0,0.263238145908267,Incorrect
Male,1,No,No,1,Yes,No,DSL,No,No,No,No,No,No,Month-to-month,No,Electronic check,45.2,45.2,0,1,0.6765413765509608,Incorrect
Male,0,Yes,Yes,2,Yes,No,No,No internet service,No internet service,No internet service,No internet service,No internet service,No internet service,One year,No,Mailed check,19.85,35.9,1,0,0.04571937994540153,Incorrect
Female,0,No,Yes,5,Yes,No,DSL,No,No,No,No,No,No,Month-to-month,No,Mailed check,46.0,221.7,1,0,0.3605516216705816,Incorrect
Female,1,Yes,No,66,Yes,Yes,DSL,No,Yes,Yes,No,Yes,Yes,Two year,Yes,Bank transfer (automatic),80.55,5265.1,1,0,0.06442538128175825,Incorrect
Male,0,No,No,1,Yes,No,No,No internet service,No internet service,No internet service,No internet service,No internet service,No internet service,Month-to-month,No,Mailed check,19.8,19.8,1,0,0.3390835063217561,Incorrect
Female,0,Yes,No,14,Yes,No,Fiber optic,Yes,Yes,No,Yes,Yes,Yes,One year,No,Mailed check,105.95,1348.9,1,0,0.2727941849886594,Incorrect
Male,0,Yes,Yes,22,Yes,No,DSL,Yes,No,Yes,Yes,Yes,No,One year,Yes,Bank transfer (automatic),67.5,1544.05,1,0,0.049261806209173906,Incorrect
Male,0,No,No,1,No,No phone service,DSL,No,No,No,No,No,No,Month-to-month,No,Mailed check,25.35,25.35,0,1,0.5892210321034175,Incorrect
Male,0,No,Yes,1,Yes,Yes,DSL,No,No,No,No,No,No,Month-to-month,Yes,Electronic check,50.05,50.05,0,1,0.6718204374812482,Incorrect
Female,0,No,No,16,Yes,Yes,Fiber optic,No,No,No,No,No,No,Month-to-month,No,Electronic check,72.65,1194.3,1,0,0.45462663939042575,Incorrect
Female,0,No,No,53,Yes,Yes,Fiber optic,Yes,No,Yes,No,Yes,Yes,One year,Yes,Credit card (automatic),106.95,5785.5,1,0,0.2567213930408284,Incorrect
Female,0,No,No,36,Yes,No,Fiber optic,No,No,Yes,Yes,No,Yes,Month-to-month,Yes,Electronic check,87.55,3078.1,1,0,0.32998486175155284,Incorrect
Female,0,No,No,1,Yes,No,DSL,No,Yes,No,No,No,No,Month-to-month,No,Electronic check,49.95,49.95,0,1,0.5130913930903428,Incorrect
Male,0,Yes,Yes,28,Yes,Yes,Fiber optic,Yes,Yes,No,No,Yes,Yes,One year,No,Electronic check,106.1,2847.4,1,0,0.1961883724094335,Incorrect
Female,0,Yes,Yes,45,Yes,No,DSL,No,Yes,No,Yes,No,No,One year,Yes,Credit card (automatic),54.15,2319.8,1,0,0.05519130241994592,Incorrect
Female,0,No,No,37,Yes,Yes,Fiber optic,No,No,Yes,No,Yes,Yes,Month-to-month,Yes,Electronic check,100.05,3810.55,0,1,0.606849169617237,Incorrect
Male,0,No,No,1,Yes,No,DSL,No,No,No,No,No,Yes,Month-to-month,No,Mailed check,55.55,55.55,0,1,0.5864202305686372,Incorrect
Male,0,Yes,Yes,5,Yes,No,Fiber optic,Yes,No,Yes,No,No,Yes,Month-to-month,Yes,Mailed check,90.35,434.5,0,1,0.512600848457147,Incorrect
Male,0,Yes,Yes,68,Yes,Yes,Fiber optic,Yes,Yes,Yes,Yes,Yes,Yes,Two year,Yes,Electronic check,113.15,7856.0,1,0,0.06030408440955871,Incorrect
Female,0,Yes,No,6,Yes,No,No,No internet service,No internet service,No internet service,No internet service,No internet service,No internet service,Month-to-month,No,Bank transfer (automatic),19.5,146.3,1,0,0.11929327123044431,Incorrect
Male,0,No,No,24,Yes,Yes,Fiber optic,No,Yes,No,No,Yes,Yes,Month-to-month,Yes,Bank transfer (automatic),99.65,2404.85,0,1,0.55932538083912,Incorrect
Male,1,No,No,1,Yes,No,DSL,No,No,No,No,No,No,Month-to-month,No,Electronic check,44.0,44.0,0,1,0.6714433891041466,Incorrect
Male,0,Yes,Yes,6,Yes,No,DSL,No,Yes,Yes,No,No,No,Month-to-month,Yes,Mailed check,55.3,324.25,1,0,0.28869507082723483,Incorrect
Female,0,No,Yes,2,Yes,No,No,No internet service,No internet service,No internet service,No internet service,No internet service,No internet service,Month-to-month,Yes,Electronic check,19.6,35.85,1,0,0.18119366594446643,Incorrect
Male,1,Yes,No,36,Yes,Yes,Fiber optic,No,No,No,No,No,Yes,Month-to-month,Yes,Credit card (automatic),85.25,3132.75,1,0,0.4181471920159761,Incorrect
Female,1,No,No,15,Yes,No,Fiber optic,No,No,No,No,Yes,Yes,Month-to-month,Yes,Electronic check,91.5,1400.3,0,1,0.6081477548366617,Incorrect
Male,0,No,No,3,Yes,No,Fiber optic,No,No,Yes,No,No,No,Month-to-month,Yes,Credit card (automatic),73.6,232.5,0,1,0.6184302628187219,Incorrect
Female,0,Yes,No,1,No,No phone service,DSL,No,No,No,No,No,Yes,Month-to-month,No,Electronic check,35.0,35.0,0,1,0.697503110714468,Incorrect
Male,0,Yes,No,1,Yes,No,Fiber optic,No,No,Yes,No,No,No,Month-to-month,No,Credit card (automatic),75.35,75.35,0,1,0.7212381615829573,Incorrect
Female,0,No,No,33,Yes,Yes,Fiber optic,No,Yes,No,No,Yes,Yes,Month-to-month,Yes,Electronic check,100.0,3320.6,0,1,0.5589777245522479,Incorrect
Female,0,No,No,46,Yes,Yes,Fiber optic,No,No,No,No,Yes,Yes,Month-to-month,No,Bank transfer (automatic),96.05,4399.5,1,0,0.3519875692758718,Incorrect
Male,0,No,No,4,Yes,No,Fiber optic,No,No,Yes,Yes,No,Yes,Month-to-month,Yes,Electronic check,90.4,356.65,0,1,0.6276041456231345,Incorrect
Male,1,Yes,No,16,Yes,No,Fiber optic,No,Yes,No,No,No,No,Month-to-month,Yes,Credit card (automatic),74.3,1178.25,1,0,0.3973522858831356,Incorrect
Male,0,No,No,38,Yes,No,Fiber optic,No,No,No,No,No,No,One year,Yes,Bank transfer (automatic),70.45,2597.6,1,0,0.08287694512878253,Incorrect
Male,0,No,No,24,Yes,Yes,DSL,Yes,No,No,No,No,No,Month-to-month,Yes,Bank transfer (automatic),55.65,1400.55,1,0,0.1597969300658187,Incorrect
Male,0,No,No,3,Yes,No,DSL,No,No,No,Yes,Yes,Yes,Month-to-month,Yes,Electronic check,69.35,191.35,1,0,0.43744187549378877,Incorrect
Male,0,No,No,18,Yes,Yes,Fiber optic,No,No,Yes,No,No,Yes,Month-to-month,Yes,Credit card (automatic),90.7,1597.25,1,0,0.46921834783332456,Incorrect
Male,0,No,No,1,Yes,No,DSL,Yes,No,No,Yes,No,No,Month-to-month,Yes,Electronic check,53.95,53.95,1,0,0.3805256428959049,Incorrect
Male,0,No,No,10,Yes,Yes,DSL,No,No,No,No,Yes,Yes,Month-to-month,Yes,Credit card (automatic),72.15,794.25,1,0,0.3386496960181951,Incorrect
Female,0,No,No,15,Yes,No,Fiber optic,Yes,No,No,No,Yes,No,Month-to-month,No,Electronic check,86.2,1270.2,1,0,0.38697008573641245,Incorrect
Male,0,No,No,13,Yes,No,Fiber optic,No,No,No,No,No,No,Month-to-month,Yes,Electronic check,70.15,931.75,0,1,0.5519402108841788,Incorrect
Female,0,No,No,7,Yes,Yes,Fiber optic,Yes,No,No,No,No,No,Month-to-month,Yes,Mailed check,79.65,604.7,1,0,0.46650497919113304,Incorrect
Female,0,No,No,12,Yes,Yes,DSL,Yes,No,Yes,Yes,No,No,Month-to-month,Yes,Mailed check,61.65,713.75,1,0,0.14802187939499095,Incorrect
Female,0,Yes,Yes,5,Yes,No,Fiber optic,No,No,No,No,No,No,Month-to-month,No,Credit card (automatic),69.95,320.4,0,1,0.5534292029200928,Incorrect
Female,0,No,No,5,Yes,Yes,Fiber optic,No,No,Yes,Yes,No,No,Month-to-month,Yes,Electronic check,82.75,417.75,0,1,0.6545625677439182,Incorrect
Female,0,No,No,4,Yes,No,DSL,No,Yes,No,No,No,No,Month-to-month,No,Credit card (automatic),50.7,151.3,1,0,0.3514441220399408,Incorrect
Male,0,No,No,1,Yes,No,No,No internet service,No internet service,No internet service,No internet service,No internet service,No internet service,Month-to-month,No,Mailed check,20.15,20.15,1,0,0.37424257713995485,Incorrect
Female,0,No,Yes,46,Yes,No,Fiber optic,Yes,Yes,No,Yes,Yes,Yes,One year,Yes,Bank transfer (automatic),105.2,4822.85,1,0,0.15317486207119638,Incorrect
Male,1,Yes,No,13,Yes,No,Fiber optic,No,Yes,No,Yes,No,Yes,Month-to-month,Yes,Bank transfer (automatic),89.05,1169.35,1,0,0.4285676118518409,Incorrect
Male,0,No,No,22,Yes,Yes,Fiber optic,Yes,No,No,No,Yes,Yes,Month-to-month,Yes,Bank transfer (automatic),101.35,2317.1,1,0,0.4747476151217454,Incorrect
Female,0,Yes,Yes,36,Yes,Yes,Fiber optic,No,Yes,Yes,No,Yes,No,Month-to-month,Yes,Bank transfer (automatic),97.35,3457.9,1,0,0.36458009193501795,Incorrect
Male,1,Yes,No,24,Yes,Yes,Fiber optic,Yes,No,No,No,No,No,Month-to-month,Yes,Electronic check,78.85,1772.25,1,0,0.40984302323454785,Incorrect
Male,0,No,No,20,Yes,Yes,Fiber optic,No,No,No,Yes,Yes,Yes,Month-to-month,Yes,Mailed check,98.55,2031.95,0,1,0.5277707399134308,Incorrect
Male,0,Yes,Yes,55,Yes,No,DSL,Yes,Yes,No,Yes,No,No,Two year,No,Bank transfer (automatic),57.55,3046.4,1,0,0.026207560912741776,Incorrect
Male,0,No,No,9,No,No phone service,DSL,No,No,No,No,Yes,No,Month-to-month,Yes,Credit card (automatic),34.7,296.1,1,0,0.3831156775855218,Incorrect
Male,0,No,No,4,Yes,Yes,Fiber optic,Yes,No,No,No,Yes,No,Month-to-month,No,Electronic check,90.65,367.95,0,1,0.573093377606708,Incorrect
Female,0,Yes,Yes,17,Yes,No,Fiber optic,No,No,Yes,Yes,Yes,Yes,One year,No,Bank transfer (automatic),98.6,1704.95,1,0,0.2238527095531231,Incorrect
Female,0,Yes,Yes,57,Yes,No,DSL,Yes,No,No,No,Yes,Yes,One year,Yes,Bank transfer (automatic),70.1,3913.3,1,0,0.06060661651707672,Incorrect
Male,0,No,No,10,No,No phone service,DSL,No,No,No,No,No,Yes,Month-to-month,Yes,Mailed check,33.9,298.45,1,0,0.36704802323322877,Incorrect
Male,0,No,No,38,Yes,No,DSL,No,No,Yes,Yes,No,Yes,One year,Yes,Mailed check,62.3,2354.8,1,0,0.07470595477926324,Incorrect
Female,0,No,No,3,Yes,No,Fiber optic,No,Yes,No,No,Yes,Yes,Month-to-month,No,Electronic check,95.4,293.15,0,1,0.6821119166274494,Incorrect
Male,0,No,No,1,Yes,Yes,DSL,No,No,No,No,No,No,Month-to-month,No,Mailed check,50.75,50.75,0,1,0.5963973247695229,Incorrect
Female,0,Yes,Yes,13,Yes,No,DSL,No,No,No,No,No,Yes,Month-to-month,No,Electronic check,55.95,734.35,1,0,0.2799503923583194,Incorrect
Male,0,No,No,8,Yes,Yes,Fiber optic,No,No,No,No,No,No,Month-to-month,Yes,Electronic check,74.85,572.45,0,1,0.6546304328913838,Incorrect
Female,0,No,No,2,No,No phone service,DSL,Yes,Yes,No,No,No,Yes,Month-to-month,Yes,Electronic check,42.6,72.4,1,0,0.4216785204352499,Incorrect
Male,1,No,No,52,No,No phone service,DSL,No,Yes,No,No,Yes,Yes,Month-to-month,Yes,Electronic check,49.15,2550.9,1,0,0.3941606136159239,Incorrect
Female,0,Yes,No,19,Yes,Yes,Fiber optic,No,No,No,No,Yes,No,Month-to-month,Yes,Electronic check,86.85,1564.4,0,1,0.6122029975283058,Incorrect
Female,1,No,No,7,Yes,No,Fiber optic,No,No,No,No,Yes,Yes,Month-to-month,Yes,Electronic check,89.15,574.35,0,1,0.736884564818184,Incorrect
Female,1,Yes,No,47,Yes,Yes,Fiber optic,No,No,Yes,No,Yes,Yes,Month-to-month,No,Electronic check,99.7,4747.2,0,1,0.5146117093477278,Incorrect
Female,1,No,No,20,Yes,Yes,Fiber optic,Yes,No,No,No,No,No,Month-to-month,Yes,Electronic check,79.15,1520.9,1,0,0.44148786231359,Incorrect
Female,0,Yes,Yes,11,Yes,No,No,No internet service,No internet service,No internet service,No internet service,No internet service,No internet service,Month-to-month,Yes,Mailed check,19.25,180.3,1,0,0.1129434164564485,Incorrect
Male,0,Yes,Yes,4,Yes,No,DSL,No,No,No,Yes,No,Yes,Month-to-month,No,Credit card (automatic),61.45,229.55,1,0,0.3040600470041004,Incorrect
Female,0,No,No,2,Yes,Yes,DSL,No,Yes,No,No,No,No,Month-to-month,No,Mailed check,54.15,101.65,0,1,0.5088694626372113,Incorrect
Female,0,No,No,48,Yes,No,DSL,Yes,No,Yes,Yes,No,No,One year,Yes,Credit card (automatic),60.35,2896.4,1,0,0.044080319436021934,Incorrect
Female,0,Yes,Yes,22,Yes,No,DSL,No,Yes,No,No,Yes,Yes,One year,Yes,Bank transfer (automatic),69.5,1498.2,1,0,0.1109905198213772,Incorrect
Male,0,No,No,29,Yes,Yes,Fiber optic,No,No,No,No,No,Yes,Month-to-month,Yes,Electronic check,84.9,2516.2,0,1,0.5256945647534733,Incorrect
Female,0,No,No,5,Yes,No,Fiber optic,No,Yes,No,No,Yes,No,Month-to-month,Yes,Mailed check,85.3,420.45,0,1,0.6910581219569173,Incorrect
Male,1,Yes,No,7,Yes,Yes,Fiber optic,No,No,No,No,No,No,Month-to-month,Yes,Electronic check,75.4,533.05,0,1,0.700922442930734,Incorrect
Male,0,No,No,12,Yes,No,Fiber optic,Yes,No,Yes,No,No,No,Month-to-month,No,Bank transfer (automatic),81.7,858.6,1,0,0.34371451180560386,Incorrect
Female,0,Yes,Yes,4,Yes,No,DSL,No,Yes,No,Yes,No,No,Month-to-month,No,Mailed check,56.5,235.1,1,0,0.2663260578861322,Incorrect
Female,0,No,No,2,Yes,No,Fiber optic,Yes,Yes,No,No,Yes,No,Month-to-month,Yes,Electronic check,91.15,168.5,0,1,0.526247406828565,Incorrect
Female,1,No,No,7,Yes,No,Fiber optic,No,No,Yes,No,Yes,No,Month-to-month,Yes,Electronic check,84.35,609.65,0,1,0.7201416234294797,Incorrect
Male,0,No,Yes,22,Yes,No,Fiber optic,No,Yes,Yes,No,Yes,No,Month-to-month,Yes,Electronic check,89.4,2001.5,1,0,0.4744685527313239,Incorrect
